Date,Airline,Flight,From,To,Dep Terminal,Dep Gate,Arr Terminal,Arr Gate,Canceled,Diverted To,Gate Departure (Scheduled),Gate Departure (Actual),Take off (Scheduled),Take off (Actual),Landing (Scheduled),Landing (Actual),Gate Arrival (Scheduled),Gate Arrival (Actual),Aircraft Type Name,Tail Number,PNR,Seat,Seat Type,Cabin Class,Flight Reason,Notes,Flight Flighty ID,Airline Flighty ID,Departure Airport Flighty ID,Arrival Airport Flighty ID,Diverted To Airport Flighty ID,Aircraft Type Flighty ID
2025-01-07,RYR,9955,PSA,BER,,11,2,Z30,false,,2025-01-07T10:05,2025-01-07T10:05,,,,,2025-01-07T12:00,,Boeing 737-800,,,,,ECONOMY,LEISURE,,17e8c5fd-72c3-4ae1-a264-e915fee4f201,89ad0292-b411-46f2-a3ad-27896d1be60b,ef9d58f0-80db-44b8-b5b8-eb6337767245,45b0a8c3-66fd-4443-ac63-4f4354686859,,8ad8530e-acd0-42bf-abc5-1e70c4a076bf
2025-01-12,BAW,993,BER,LHR,1,C04,5,,false,,2025-01-12T12:10,2025-01-12T12:11,,,,,2025-01-12T13:20,2025-01-12T13:29,Airbus A320,,,,MIDDLE,ECONOMY,BUSINESS,,a5b8ef03-7443-49fc-9c05-154fe446933b,0e7d613e-188c-4d20-95ee-ddc17c17de3d,45b0a8c3-66fd-4443-ac63-4f4354686859,5a2a51a0-1a5b-42c9-b220-c61953fac034,,dd390a1f-e92a-4411-ab72-04db16d42030
2025-01-12,BAW,287,LHR,SFO,5,C63,INTL,A11,false,,2025-01-12T15:05,2025-01-12T16:56,,,,,2025-01-12T18:30,2025-01-12T19:49,Airbus A380-800,,,,MIDDLE,ECONOMY,BUSINESS,,802f2203-172c-498b-af05-be328854330e,0e7d613e-188c-4d20-95ee-ddc17c17de3d,5a2a51a0-1a5b-42c9-b220-c61953fac034,9b0faf9d-6e26-44ce-88d6-f30a340ea2b7,,c0d25858-9057-4fec-bd89-0c18fd4489d3
2025-01-24,BAW,284,SFO,LHR,I,A11,5,,false,,2025-01-24T17:30,2025-01-24T17:19,,,,,2025-01-25T12:00,2025-01-25T11:40,Airbus A380,,,,AISLE,ECONOMY,BUSINESS,,452d2cdf-7b54-4c9e-91ae-9c4b873c8893,0e7d613e-188c-4d20-95ee-ddc17c17de3d,9b0faf9d-6e26-44ce-88d6-f30a340ea2b7,5a2a51a0-1a5b-42c9-b220-c61953fac034,,b8eb326f-91a9-4135-9759-93f73428b24f
2025-01-25,BAW,994,LHR,BER,5,A7,1,X06,false,,2025-01-25T13:45,2025-01-25T13:39,,,,,2025-01-25T16:40,2025-01-25T16:25,Airbus A320,,,,MIDDLE,ECONOMY,BUSINESS,,fcd4a5aa-5f97-4c3c-8c62-459dddf7b62b,0e7d613e-188c-4d20-95ee-ddc17c17de3d,5a2a51a0-1a5b-42c9-b220-c61953fac034,45b0a8c3-66fd-4443-ac63-4f4354686859,,dd390a1f-e92a-4411-ab72-04db16d42030
2025-01-31,EZY,5263,BER,CPH,1,A31,3,F7,false,,2025-01-31T20:10,2025-01-31T20:06,,,,,2025-01-31T21:20,2025-01-31T21:12,Airbus A320,,,,,ECONOMY,LEISURE,,adeae025-fd94-424e-b120-e3e7ff03966c,c39d5ea4-a02f-45f5-bbbb-d3ef73b04aff,45b0a8c3-66fd-4443-ac63-4f4354686859,09054701-0610-49f1-9bc4-e07200bdf095,,dd390a1f-e92a-4411-ab72-04db16d42030
2025-02-02,EZY,5264,CPH,BER,2,F7,1,S01,false,,2025-02-02T19:25,2025-02-02T19:21,,,,,2025-02-02T20:30,2025-02-02T20:11,Airbus A320,,,,MIDDLE,ECONOMY,LEISURE,,3124768f-bfb3-432d-97c3-58068865f550,c39d5ea4-a02f-45f5-bbbb-d3ef73b04aff,09054701-0610-49f1-9bc4-e07200bdf095,45b0a8c3-66fd-4443-ac63-4f4354686859,,dd390a1f-e92a-4411-ab72-04db16d42030
2025-02-06,AFR,1135,BER,CDG,1,A10,2F,,false,,2025-02-06T06:55,2025-02-06T06:56,,,,,2025-02-06T08:50,2025-02-06T09:05,Airbus A220-300,,,,AISLE,ECONOMY,LEISURE,,613e555d-e9a9-42a0-a50f-94ad6329c406,ef3b3deb-e992-48e8-b4b6-ce96bb96be5c,45b0a8c3-66fd-4443-ac63-4f4354686859,065a1318-77b6-4f77-98ce-95b9253f64a5,,c6158951-56ef-48ec-b8ae-5f7e9c0c24c0
2025-02-06,AFR,484,CDG,GIG,2E,K37,2,C67,false,,2025-02-06T10:50,2025-02-06T10:52,,,,,2025-02-06T18:20,2025-02-06T17:47,Boeing 777-300 ER,,,,AISLE,ECONOMY,LEISURE,,01522dd6-ea08-4ddc-a5f1-729854b0dc61,ef3b3deb-e992-48e8-b4b6-ce96bb96be5c,065a1318-77b6-4f77-98ce-95b9253f64a5,df6b6b5c-3ef2-4fe0-90ba-5242e38ad169,,78eac566-1ad0-4ded-9979-9510dfde05f2
2025-02-18,AFR,485,GIG,CDG,2,C66,2E,,false,,2025-02-18T20:40,2025-02-18T20:40,,,,,2025-02-19T11:50,2025-02-19T11:43,Boeing 777-300 ER,,,,AISLE,ECONOMY,LEISURE,,14b93ea2-84c7-43af-8bd4-b61958d88f4d,ef3b3deb-e992-48e8-b4b6-ce96bb96be5c,df6b6b5c-3ef2-4fe0-90ba-5242e38ad169,065a1318-77b6-4f77-98ce-95b9253f64a5,,78eac566-1ad0-4ded-9979-9510dfde05f2
2025-02-19,AFR,1534,CDG,BER,2F,F51,1,B7,false,,2025-02-19T16:35,2025-02-19T17:05,,,,,2025-02-19T18:20,2025-02-19T18:41,Airbus A220-300,,,,AISLE,ECONOMY,LEISURE,,4b0c0a29-aabb-4a4e-ae24-91a5f4db3e2c,ef3b3deb-e992-48e8-b4b6-ce96bb96be5c,065a1318-77b6-4f77-98ce-95b9253f64a5,45b0a8c3-66fd-4443-ac63-4f4354686859,,c6158951-56ef-48ec-b8ae-5f7e9c0c24c0
2025-04-03,RYR,110,BER,PMI,T2,B34,Main,B34,false,,2025-04-03T20:25,2025-04-03T20:15,,,,,2025-04-03T23:10,2025-04-03T22:59,Airbus A320,,,,MIDDLE,ECONOMY,LEISURE,,39db1b1b-b82c-4f4e-a880-017c4456d3b3,89ad0292-b411-46f2-a3ad-27896d1be60b,45b0a8c3-66fd-4443-ac63-4f4354686859,d08ebb87-32f2-4bb6-8ef1-8fc2c5b8e943,,dd390a1f-e92a-4411-ab72-04db16d42030
2025-04-06,RYR,227,PMI,BER,N,C66,2,Z29,false,,2025-04-06T13:45,2025-04-06T13:45,,,,,2025-04-06T16:30,2025-04-06T16:44,Boeing 737 MAX 8,,,,AISLE,ECONOMY,LEISURE,,ec3c5283-71ed-4d0f-9dd2-20beba45afc5,89ad0292-b411-46f2-a3ad-27896d1be60b,d08ebb87-32f2-4bb6-8ef1-8fc2c5b8e943,45b0a8c3-66fd-4443-ac63-4f4354686859,,5ee1c1db-bf8c-475a-99b0-262bbc7a50b2
2025-05-10,AUA,240,BER,VIE,1,A20,3,,false,,2025-05-10T07:00,2025-05-10T06:58,,,,,2025-05-10T08:15,2025-05-10T08:07,Airbus A320,,,,AISLE,ECONOMY,LEISURE,,0e53925b-ad21-4bb9-bbce-45f08df7d6a1,0d13df5d-f81a-4d94-9f98-53be6b16cb8f,45b0a8c3-66fd-4443-ac63-4f4354686859,f14d8bd3-c692-4468-a9c2-7c89ab7a4ce4,,dd390a1f-e92a-4411-ab72-04db16d42030
2025-05-10,AUA,531,VIE,FLR,3,F25,,,false,,2025-05-10T08:55,2025-05-10T08:55,,,,,2025-05-10T10:15,2025-05-10T10:14,Embraer 195,,,,AISLE,ECONOMY,LEISURE,,af21499b-1ec4-4360-b545-a324dfbb8c1f,0d13df5d-f81a-4d94-9f98-53be6b16cb8f,f14d8bd3-c692-4468-a9c2-7c89ab7a4ce4,5cc3985c-15d4-4e7f-a0bd-69985d4651da,,0393e11b-8499-4378-a330-abf1fdecfc18
2025-05-12,SWR,1683,FLR,ZRH,MAIN,006,1,B31,false,,2025-05-12T06:05,2025-05-12T06:06,,,,,2025-05-12T07:25,2025-05-12T07:08,Embraer 195 E2,,,,AISLE,ECONOMY,LEISURE,,d824ac83-300c-45ff-864c-bcf063d675e6,95ece959-d516-44be-a77e-9e82037886eb,5cc3985c-15d4-4e7f-a0bd-69985d4651da,a0039222-c7e3-46d5-b5a6-26fca3d8864b,,0bcde7c7-cf84-4d0a-878d-0b6d7908d469
2025-05-12,SWR,976,ZRH,BER,1,B31,1,B6,false,,2025-05-12T08:15,2025-05-12T08:20,,,,,2025-05-12T09:40,2025-05-12T09:49,Embraer 195 E2,,,,AISLE,ECONOMY,LEISURE,,ea93f7ee-d7f3-46e2-ab47-cdae66d0ec6e,95ece959-d516-44be-a77e-9e82037886eb,a0039222-c7e3-46d5-b5a6-26fca3d8864b,45b0a8c3-66fd-4443-ac63-4f4354686859,,0bcde7c7-cf84-4d0a-878d-0b6d7908d469
2025-06-02,EWG,3,BER,CGN,T1,A36,T1,B20,false,,2025-06-02T08:15,2025-06-02T08:14,,,,,2025-06-02T09:20,2025-06-02T09:22,Boeing 737-800,,,,AISLE,ECONOMY,BUSINESS,,d6738d34-2fd9-4f36-b341-06e20727c070,2850de9b-7637-411a-ad35-e91346a41f0a,45b0a8c3-66fd-4443-ac63-4f4354686859,77003de9-5932-4d31-ad4f-f184ccac80d5,,bfed5d53-9645-4ae2-aa8b-808123bd938b
2025-06-06,EWG,8,CGN,BER,T1,C50,T1,A36,false,,2025-06-06T16:40,2025-06-06T16:38,,,,,2025-06-06T17:50,2025-06-06T17:44,Boeing 737-800,,,,AISLE,ECONOMY,BUSINESS,,1b40fcf1-7c56-4d49-9337-3a46a1d4c29f,2850de9b-7637-411a-ad35-e91346a41f0a,77003de9-5932-4d31-ad4f-f184ccac80d5,45b0a8c3-66fd-4443-ac63-4f4354686859,,bfed5d53-9645-4ae2-aa8b-808123bd938b
2025-06-10,EWG,8050,BER,CGN,T1,A22,T1,C30,false,,2025-06-10T07:05,2025-06-10T07:15,,,,,2025-06-10T08:10,2025-06-10T08:14,Airbus A320,,,,AISLE,ECONOMY,BUSINESS,,67461c84-6bc5-40fd-9c21-5d0e2f5f450a,2850de9b-7637-411a-ad35-e91346a41f0a,45b0a8c3-66fd-4443-ac63-4f4354686859,77003de9-5932-4d31-ad4f-f184ccac80d5,,dd390a1f-e92a-4411-ab72-04db16d42030
2025-06-13,EWG,8,CGN,BER,1,B20,1,S1,false,,2025-06-13T16:40,2025-06-13T16:44,,,,,2025-06-13T17:50,2025-06-13T17:48,Boeing 737-800,,,,AISLE,ECONOMY,BUSINESS,,f31aa69c-1776-47fb-8e9f-57e95afc1323,2850de9b-7637-411a-ad35-e91346a41f0a,77003de9-5932-4d31-ad4f-f184ccac80d5,45b0a8c3-66fd-4443-ac63-4f4354686859,,bfed5d53-9645-4ae2-aa8b-808123bd938b
2025-06-21,RYR,9956,BER,PSA,2,B36,,B36,false,,2025-06-21T12:10,2025-06-21T12:20,,,,,2025-06-21T14:05,2025-06-21T14:10,Boeing 737-800,,,,AISLE,ECONOMY,LEISURE,,ba19c789-9a9b-4a85-b714-d6368f1bb7ba,89ad0292-b411-46f2-a3ad-27896d1be60b,45b0a8c3-66fd-4443-ac63-4f4354686859,ef9d58f0-80db-44b8-b5b8-eb6337767245,,8ad8530e-acd0-42bf-abc5-1e70c4a076bf
2025-06-25,EZY,5086,VCE,BER,,12,1,A37,false,,2025-06-25T17:50,2025-06-25T17:46,,,,,2025-06-25T19:30,2025-06-25T19:18,Airbus A320,,,,MIDDLE,ECONOMY,LEISURE,,70bbb925-e963-4836-8112-010fb8219b82,c39d5ea4-a02f-45f5-bbbb-d3ef73b04aff,e184c2ae-d608-40a5-9337-894f4fc8286f,45b0a8c3-66fd-4443-ac63-4f4354686859,,dd390a1f-e92a-4411-ab72-04db16d42030
2025-06-26,KLM,1776,BER,AMS,1,A7,2,Z10,false,,2025-06-26T12:15,2025-06-26T12:15,,,,,2025-06-26T13:35,2025-06-26T13:24,Airbus A321neo,,,,AISLE,ECONOMY,BUSINESS,,d12f1493-2078-4f90-b622-eec6a3e61694,23930f39-7220-4a4b-a01e-3ab5508ca9f0,45b0a8c3-66fd-4443-ac63-4f4354686859,f671c076-61b7-4572-8abb-359aaadaafd4,,2e99cd6b-cec7-4ec7-a85e-dbc2b5e25a8f
2025-06-26,KLM,843,AMS,BKK,2,E18,,E6,false,,2025-06-26T17:15,2025-06-26T18:17,,,,,2025-06-27T09:30,2025-06-27T10:18,Boeing 777-200 ER,,,,AISLE,PREMIUM_ECONOMY,BUSINESS,,4e07934d-0455-4362-a801-311af1cff301,23930f39-7220-4a4b-a01e-3ab5508ca9f0,f671c076-61b7-4572-8abb-359aaadaafd4,548d409f-68f7-4450-aaaf-87133919af6d,,a0f171e1-86df-426a-8922-e460c0660ae6
2025-07-10,KLM,844,BKK,AMS,MAIN,E4,3,E18,false,,2025-07-10T12:05,2025-07-10T12:02,,,,,2025-07-10T19:10,2025-07-10T18:42,Boeing 777-300 ER,,,,AISLE,PREMIUM_ECONOMY,BUSINESS,,d3956918-e156-440f-9e65-8cf546172051,23930f39-7220-4a4b-a01e-3ab5508ca9f0,548d409f-68f7-4450-aaaf-87133919af6d,f671c076-61b7-4572-8abb-359aaadaafd4,,78eac566-1ad0-4ded-9979-9510dfde05f2
2025-07-10,KLM,1785,AMS,BER,1,D74,1,A3,false,,2025-07-10T20:55,2025-07-10T21:45,,,,,2025-07-10T22:10,2025-07-10T23:08,Boeing 737-800,,,,,ECONOMY,BUSINESS,,868f2933-ec65-43c3-a4ef-983b91987a89,23930f39-7220-4a4b-a01e-3ab5508ca9f0,f671c076-61b7-4572-8abb-359aaadaafd4,45b0a8c3-66fd-4443-ac63-4f4354686859,,8ad8530e-acd0-42bf-abc5-1e70c4a076bf
2025-07-11,EZY,5287,BER,AMS,1,A34,3,,false,,2025-07-11T19:35,2025-07-11T19:30,,,,,2025-07-11T21:00,2025-07-11T21:11,Airbus A320,,,,,ECONOMY,LEISURE,,c398a57b-185d-418a-be0a-ebf4037305b4,c39d5ea4-a02f-45f5-bbbb-d3ef73b04aff,45b0a8c3-66fd-4443-ac63-4f4354686859,f671c076-61b7-4572-8abb-359aaadaafd4,,dd390a1f-e92a-4411-ab72-04db16d42030
2025-07-14,EZY,5281,BER,AMS,1,A37,3,,false,,2025-07-14T06:15,2025-07-14T06:13,,,,,2025-07-14T07:40,2025-07-14T07:48,Airbus A320,,,,,ECONOMY,LEISURE,,14332643-44c2-4a57-9cb2-a174ee3660c6,c39d5ea4-a02f-45f5-bbbb-d3ef73b04aff,45b0a8c3-66fd-4443-ac63-4f4354686859,f671c076-61b7-4572-8abb-359aaadaafd4,,dd390a1f-e92a-4411-ab72-04db16d42030
2025-07-26,TAP,533,BER,LIS,1,A31,1,,false,,2025-07-26T17:20,2025-07-26T18:33,,,,,2025-07-26T20:05,2025-07-26T21:00,Airbus A321neo,,,,,ECONOMY,LEISURE,,6338ab3e-f9b7-4eca-aaad-2e65ee61d304,9c42a4f8-f9ce-47ad-b1e7-4e47b334f4d0,45b0a8c3-66fd-4443-ac63-4f4354686859,f16c846f-6351-43af-8ae8-28df302e7c24,,2e99cd6b-cec7-4ec7-a85e-dbc2b5e25a8f
2025-08-04,TAP,530,LIS,BER,T1,15,T1,A33,false,,2025-08-04T07:50,2025-08-04T08:10,,,,,2025-08-04T12:15,2025-08-04T12:26,Airbus A320,,,,,ECONOMY,LEISURE,,7f9593cd-bca7-4adf-91f4-51604e75318d,9c42a4f8-f9ce-47ad-b1e7-4e47b334f4d0,f16c846f-6351-43af-8ae8-28df302e7c24,45b0a8c3-66fd-4443-ac63-4f4354686859,,dd390a1f-e92a-4411-ab72-04db16d42030
2025-08-09,EZY,5217,BER,DBV,1,A22,,,false,,2025-08-09T16:05,2025-08-09T16:13,,,,,2025-08-09T18:05,2025-08-09T18:03,Airbus A320,,,,,ECONOMY,LEISURE,,1a1da70c-fd18-4a47-8366-f9c42bdb9dbf,c39d5ea4-a02f-45f5-bbbb-d3ef73b04aff,45b0a8c3-66fd-4443-ac63-4f4354686859,c79225ae-b59c-49ab-bb2b-bc69c263b14e,,dd390a1f-e92a-4411-ab72-04db16d42030
2025-08-16,EZY,5218,DBV,BER,,10,1,A22,false,,2025-08-16T18:45,2025-08-16T19:29,,,,,2025-08-16T20:45,2025-08-16T21:13,Airbus A320,,,,,ECONOMY,LEISURE,,9821fd92-6b1f-4a4e-ba2b-3d89d76f6ba9,c39d5ea4-a02f-45f5-bbbb-d3ef73b04aff,c79225ae-b59c-49ab-bb2b-bc69c263b14e,45b0a8c3-66fd-4443-ac63-4f4354686859,,dd390a1f-e92a-4411-ab72-04db16d42030
2025-09-12,RYR,9956,BER,PSA,2,B34,,B34,false,,2025-09-12T11:15,2025-09-12T11:15,,,,,2025-09-12T13:10,2025-09-12T13:20,Boeing 737 MAX 8,,FWZTHI,,,ECONOMY,LEISURE,,d2d558f7-c5e6-49d5-8767-161c1b84c714,89ad0292-b411-46f2-a3ad-27896d1be60b,45b0a8c3-66fd-4443-ac63-4f4354686859,ef9d58f0-80db-44b8-b5b8-eb6337767245,,5ee1c1db-bf8c-475a-99b0-262bbc7a50b2
2025-09-15,RYR,9955,PSA,BER,,7,2,Z29,false,,2025-09-15T16:55,2025-09-15T17:25,,,,,2025-09-15T18:45,2025-09-15T19:10,Boeing 737-800,,FWZTHI,,,ECONOMY,LEISURE,,46c272bb-6d3e-481e-bc0c-104aabf9b35f,89ad0292-b411-46f2-a3ad-27896d1be60b,ef9d58f0-80db-44b8-b5b8-eb6337767245,45b0a8c3-66fd-4443-ac63-4f4354686859,,8ad8530e-acd0-42bf-abc5-1e70c4a076bf
2025-09-25,QTR,84,BER,DOH,1,C7,HIA,,false,,2025-09-25T22:30,2025-09-25T22:30,,,,,2025-09-26T05:10,2025-09-26T05:11,Boeing 787-8,,7V2Q22,,,ECONOMY,LEISURE,,29c91856-1533-4f9a-ae8a-3332cfaf74ad,bbe2cc40-79ca-446a-8105-cbb932b064f0,45b0a8c3-66fd-4443-ac63-4f4354686859,570ae63e-c342-4fdb-b344-554184c13f1b,,4f948d40-962a-4fdf-b1d9-424282d24f76
2025-09-26,QTR,674,DOH,MLE,HIA,C59,T2,,false,,2025-09-26T07:50,2025-09-26T07:54,,,,,2025-09-26T14:25,2025-09-26T14:33,Boeing 777-300 ER,,7V2Q22,,,ECONOMY,LEISURE,,6d14cd83-3a7a-4872-8396-af668a3737de,bbe2cc40-79ca-446a-8105-cbb932b064f0,570ae63e-c342-4fdb-b344-554184c13f1b,978a2e10-df3c-4547-9644-11966cb5b7ac,,78eac566-1ad0-4ded-9979-9510dfde05f2
2025-10-01,QTR,675,MLE,DOH,2,4,,,false,,2025-10-01T21:05,2025-10-01T20:54,,,,,2025-10-01T23:35,2025-10-01T23:26,Boeing 777-300 ER,,7V2Q22,,,ECONOMY,LEISURE,,522984f2-e010-4aaf-8e57-8da9a698157e,bbe2cc40-79ca-446a-8105-cbb932b064f0,978a2e10-df3c-4547-9644-11966cb5b7ac,570ae63e-c342-4fdb-b344-554184c13f1b,,78eac566-1ad0-4ded-9979-9510dfde05f2
2025-10-03,QTR,83,DOH,BER,,A1,1,X7,false,,2025-10-03T15:30,2025-10-03T15:30,,,,,2025-10-03T20:35,2025-10-03T20:27,Boeing 787-8,,7V2Q22,,,ECONOMY,LEISURE,,f75fc169-184d-476f-853b-9eb643177f27,bbe2cc40-79ca-446a-8105-cbb932b064f0,570ae63e-c342-4fdb-b344-554184c13f1b,45b0a8c3-66fd-4443-ac63-4f4354686859,,4f948d40-962a-4fdf-b1d9-424282d24f76
2025-10-04,AFR,1835,BER,CDG,T1,A32,T2,,false,,2025-10-04T18:10,2025-10-04T19:26,,,,,2025-10-04T20:00,2025-10-04T21:18,Airbus A321,,ZF842G,14C,AISLE,ECONOMY,LEISURE,,6d732540-cfc1-406e-ac89-726853600756,ef3b3deb-e992-48e8-b4b6-ce96bb96be5c,45b0a8c3-66fd-4443-ac63-4f4354686859,065a1318-77b6-4f77-98ce-95b9253f64a5,,5904cdc2-eccf-41fe-8345-e82a51d3269c
2025-10-04,AFR,116,CDG,PVG,2E,K30,1,K30,false,,2025-10-04T23:45,2025-10-04T23:48,,,,,2025-10-05T18:15,2025-10-05T17:40,Boeing 777-300 ER,,ZF842G,34H,AISLE,ECONOMY,LEISURE,,368a4fa8-7c0e-4cbc-9658-dbe661f24dae,ef3b3deb-e992-48e8-b4b6-ce96bb96be5c,065a1318-77b6-4f77-98ce-95b9253f64a5,94ecd389-4c82-477f-8502-261c27f5b6fa,,78eac566-1ad0-4ded-9979-9510dfde05f2
2025-10-08,CCA,4564,HFE,CKG,,A11,T3A,,false,,2025-10-08T10:45,2025-10-08T10:40,,,,,2025-10-08T12:55,2025-10-08T12:45,Boeing 737-700,,,,,,,,b7282ab9-2ff2-43a5-97c2-ca71c11dbb49,6d518838-0f6b-4a46-ae2a-efa5b86cdfc2,70ba7eb0-7231-45d8-b67f-05baea3769cf,e1bae218-a685-4595-9d35-a07859dcfbc0,,886c3a0c-c7a3-4205-982f-35cddc765ae1
2025-10-10,CSC,5240,CKG,HFE,T3,F9,,,false,,2025-10-10T21:55,2025-10-10T21:43,,,,,2025-10-10T23:40,2025-10-10T23:21,Airbus A320,,,,,,,,f95adf7a-8734-4f94-9087-a96b0c64b676,fab62880-f263-4586-866e-31876e29d6e3,e1bae218-a685-4595-9d35-a07859dcfbc0,70ba7eb0-7231-45d8-b67f-05baea3769cf,,dd390a1f-e92a-4411-ab72-04db16d42030
2025-10-12,CES,771,PVG,AMS,1,G119,3,E9,false,,2025-10-12T12:30,2025-10-12T12:22,,,,,2025-10-12T18:30,2025-10-12T17:38,Boeing 777-300 ER,,ZF842G,72J,AISLE,ECONOMY,LEISURE,,99abe104-88c0-434b-9fe4-c0610a2853f4,7c3dc023-a5b2-4d2d-9bd1-6adecdcf1f16,94ecd389-4c82-477f-8502-261c27f5b6fa,f671c076-61b7-4572-8abb-359aaadaafd4,,78eac566-1ad0-4ded-9979-9510dfde05f2
2025-10-12,KLM,1785,AMS,BER,1,D71,1,A3,false,,2025-10-12T20:55,2025-10-12T21:02,,,,,2025-10-12T22:10,2025-10-12T22:20,Boeing 737-800,,ZF842G,,AISLE,ECONOMY,LEISURE,,233fe2bb-930d-47d7-86ce-03b7e9efdf2f,23930f39-7220-4a4b-a01e-3ab5508ca9f0,f671c076-61b7-4572-8abb-359aaadaafd4,45b0a8c3-66fd-4443-ac63-4f4354686859,,8ad8530e-acd0-42bf-abc5-1e70c4a076bf
2025-10-27,AFR,1135,BER,CDG,T1,A7,T2,A07,false,,2025-10-27T06:55,2025-10-27T07:17,,,,,2025-10-27T08:50,2025-10-27T09:07,Airbus A220-300,,,,,,,,dd7769a6-eea9-469d-b0c8-b61c1d25962e,ef3b3deb-e992-48e8-b4b6-ce96bb96be5c,45b0a8c3-66fd-4443-ac63-4f4354686859,065a1318-77b6-4f77-98ce-95b9253f64a5,,c6158951-56ef-48ec-b8ae-5f7e9c0c24c0
2025-10-27,AFR,178,CDG,MEX,2E,K55,1,E3,false,,2025-10-27T12:15,2025-10-27T12:17,,,,,2025-10-27T17:25,2025-10-27T16:57,Airbus A350-900,,,,,,,,d9898124-a2a4-4baf-bf81-7fdd0df8496f,ef3b3deb-e992-48e8-b4b6-ce96bb96be5c,065a1318-77b6-4f77-98ce-95b9253f64a5,52352c99-6347-4c4e-9472-3c8556ee037f,,0f7e0145-14a5-4c47-aa84-f03b1ff28cd0
2025-10-27,DAL,8105,MEX,QRO,T2,74,T1,,false,,2025-10-27T18:50,2025-10-27T18:50,,,,,2025-10-27T19:55,2025-10-27T19:49,Embraer 190,,,,,,,,d19af518-b01a-40eb-8ae8-9e1aad923d94,a8765091-d043-44b1-936c-d217bb519e56,52352c99-6347-4c4e-9472-3c8556ee037f,68571a76-9248-4fc9-a0bb-3d9d7be33370,,fb807099-ea21-44f1-afb3-388faab25ae3
2025-10-31,AFR,5575,QRO,MEX,1,A,T2,Q,false,,2025-10-31T13:30,2025-10-31T13:30,,,,,2025-10-31T14:40,2025-10-31T14:54,Embraer 190,,,,,,,,060cf8be-a2f8-4176-94a7-d6e39debad5d,ef3b3deb-e992-48e8-b4b6-ce96bb96be5c,68571a76-9248-4fc9-a0bb-3d9d7be33370,52352c99-6347-4c4e-9472-3c8556ee037f,,fb807099-ea21-44f1-afb3-388faab25ae3
2025-10-31,AFR,179,MEX,CDG,T1,34,T2,34,false,,2025-10-31T19:55,2025-10-31T19:50,,,,,2025-11-01T13:30,2025-11-01T12:45,Airbus A350-900,,,,,,,,9b497c19-a198-4d57-81b6-29e0b14581e7,ef3b3deb-e992-48e8-b4b6-ce96bb96be5c,52352c99-6347-4c4e-9472-3c8556ee037f,065a1318-77b6-4f77-98ce-95b9253f64a5,,0f7e0145-14a5-4c47-aa84-f03b1ff28cd0
2025-11-01,AFR,1834,CDG,BER,2F,F52,1,A32,false,,2025-11-01T15:10,2025-11-01T15:09,,,,,2025-11-01T16:55,2025-11-01T16:39,Airbus A321,,,,,,,,e4424dde-5b1b-4993-8c39-224575fe904c,ef3b3deb-e992-48e8-b4b6-ce96bb96be5c,065a1318-77b6-4f77-98ce-95b9253f64a5,45b0a8c3-66fd-4443-ac63-4f4354686859,,5904cdc2-eccf-41fe-8345-e82a51d3269c
2025-12-17,EZY,5379,BER,SPX,1,C12,,,false,,2025-12-17T11:20,2025-12-17T11:27,,,,,2025-12-17T16:25,2025-12-17T16:41,Airbus A320,,,,,,,,77337082-f06d-4cc8-a70d-c6caa2b42e2a,c39d5ea4-a02f-45f5-bbbb-d3ef73b04aff,45b0a8c3-66fd-4443-ac63-4f4354686859,06e89892-5d27-4dec-a10b-2b354d8b9c5b,,dd390a1f-e92a-4411-ab72-04db16d42030
2025-12-20,EZY,5380,SPX,BER,,,1,N2,false,,2025-12-20T18:35,2025-12-20T18:58,,,,,2025-12-20T22:00,2025-12-20T22:06,Airbus A320,,,,,,,,8f7db486-1821-4f74-821b-7289a8cc25b3,c39d5ea4-a02f-45f5-bbbb-d3ef73b04aff,06e89892-5d27-4dec-a10b-2b354d8b9c5b,45b0a8c3-66fd-4443-ac63-4f4354686859,,dd390a1f-e92a-4411-ab72-04db16d42030
2025-12-21,AFR,1835,BER,CDG,T1,A17,2F,A17,false,,2025-12-21T18:30,2025-12-21T18:46,,,,,2025-12-21T20:25,2025-12-21T20:31,Airbus A320,,,,,,,,897e86dc-7316-4599-a5fa-8cebcb4f50ca,ef3b3deb-e992-48e8-b4b6-ce96bb96be5c,45b0a8c3-66fd-4443-ac63-4f4354686859,065a1318-77b6-4f77-98ce-95b9253f64a5,,dd390a1f-e92a-4411-ab72-04db16d42030
2025-12-21,AFR,1266,CDG,FLR,2F,F47,T1,F47,false,,2025-12-21T21:10,2025-12-21T21:38,,,,,2025-12-21T22:55,2025-12-21T23:21,Airbus A220-300,,,,,,,,0f73ac3f-0d0d-455e-82f4-0c8561c215d6,ef3b3deb-e992-48e8-b4b6-ce96bb96be5c,065a1318-77b6-4f77-98ce-95b9253f64a5,5cc3985c-15d4-4e7f-a0bd-69985d4651da,,c6158951-56ef-48ec-b8ae-5f7e9c0c24c0
2026-01-06,AUA,536,FLR,VIE,,8,3,F22,false,,2026-01-06T15:05,2026-01-06T15:18,,,,,2026-01-06T16:30,2026-01-06T16:32,Embraer 195,,,,,,,,d1756d3a-71e9-4c40-8434-822ea3dda3c0,0d13df5d-f81a-4d94-9f98-53be6b16cb8f,5cc3985c-15d4-4e7f-a0bd-69985d4651da,f14d8bd3-c692-4468-a9c2-7c89ab7a4ce4,,0393e11b-8499-4378-a330-abf1fdecfc18
2026-01-06,AUA,235,VIE,BER,3,F5,1,A1,false,,2026-01-06T17:40,2026-01-06T17:42,,,,,2026-01-06T18:55,2026-01-06T18:46,Airbus A320,,,,,,,,15a61c53-1b69-404f-be25-046600bee8ac,0d13df5d-f81a-4d94-9f98-53be6b16cb8f,f14d8bd3-c692-4468-a9c2-7c89ab7a4ce4,45b0a8c3-66fd-4443-ac63-4f4354686859,,dd390a1f-e92a-4411-ab72-04db16d42030
2026-01-09,EZY,4876,BER,ORY,T1,A36,T2,,false,,2026-01-09T20:20,2026-01-09T20:19,,,,,2026-01-09T22:10,2026-01-09T22:33,Airbus A320,,,,,,,,eabc206b-9500-491d-8f6b-1dbaf2dbc559,c39d5ea4-a02f-45f5-bbbb-d3ef73b04aff,45b0a8c3-66fd-4443-ac63-4f4354686859,8c066cc3-112d-4bcf-8483-e965888e358a,,dd390a1f-e92a-4411-ab72-04db16d42030
2026-01-12,AFR,1192,CDG,BSL,2G,G23,1,G23,false,,2026-01-12T08:45,2026-01-12T08:42,,,,,2026-01-12T09:50,2026-01-12T09:35,Embraer 190,,,,,,,,6971ae97-250f-441b-a178-9497eb4fa887,ef3b3deb-e992-48e8-b4b6-ce96bb96be5c,065a1318-77b6-4f77-98ce-95b9253f64a5,d099a83a-92d7-4254-8ad4-bdd258a685a6,,fb807099-ea21-44f1-afb3-388faab25ae3
2026-01-15,EZY,1187,BSL,BER,MAIN,80,T1,A32,false,,2026-01-15T19:00,2026-01-15T18:58,,,,,2026-01-15T20:30,2026-01-15T20:25,Airbus A320neo,,,,,,,,61a7f3d9-cb37-4e92-ad57-cda35690e231,c39d5ea4-a02f-45f5-bbbb-d3ef73b04aff,d099a83a-92d7-4254-8ad4-bdd258a685a6,45b0a8c3-66fd-4443-ac63-4f4354686859,,fc3bd268-833c-40f4-a74c-9512dabcbe08
2026-01-23,RYR,40,BER,FCO,2,B38,1,,false,,2026-01-23T10:05,2026-01-23T10:10,,,,,2026-01-23T12:15,2026-01-23T12:26,Boeing 737 MAX 8,,,,,,,,64d36392-1a4c-4c91-bb70-9bb84202a056,89ad0292-b411-46f2-a3ad-27896d1be60b,45b0a8c3-66fd-4443-ac63-4f4354686859,c1ae74d8-8361-4e5e-95e3-86a49e98df2a,,5ee1c1db-bf8c-475a-99b0-262bbc7a50b2
2026-01-25,RYR,135,FCO,BER,1,A64,2,Z30,false,,2026-01-25T20:35,2026-01-25T20:50,,,,,2026-01-25T22:45,2026-01-25T22:48,Boeing 737 MAX 8,,,,,,,,0df13a9c-5244-4508-8408-536b6c495103,89ad0292-b411-46f2-a3ad-27896d1be60b,c1ae74d8-8361-4e5e-95e3-86a49e98df2a,45b0a8c3-66fd-4443-ac63-4f4354686859,,5ee1c1db-bf8c-475a-99b0-262bbc7a50b2
2026-02-01,KLM,1770,BER,AMS,1,A7,ARRIVALS 2,B31,false,,2026-02-01T06:00,2026-02-01T06:05,,,,,2026-02-01T07:25,2026-02-01T07:26,Boeing 737-900ER,,,,,,,,6afc229e-c591-4e78-ba7a-5e31eccca856,23930f39-7220-4a4b-a01e-3ab5508ca9f0,45b0a8c3-66fd-4443-ac63-4f4354686859,f671c076-61b7-4572-8abb-359aaadaafd4,,24012541-435d-4a27-af8a-4791336f1965
2026-02-01,KLM,605,AMS,SFO,2,E3,I,A11,false,,2026-02-01T09:50,2026-02-01T09:59,,,,,2026-02-01T11:50,2026-02-01T12:05,Boeing 787-9,,,,,,,,ab107566-9524-4c43-b498-b0c61187c651,23930f39-7220-4a4b-a01e-3ab5508ca9f0,f671c076-61b7-4572-8abb-359aaadaafd4,9b0faf9d-6e26-44ce-88d6-f30a340ea2b7,,c4910e5e-2c05-4d17-bc08-fa0c8c0b77d9
2026-02-06,AFR,83,SFO,CDG,INTL,A9,2E,A9,false,,2026-02-06T15:40,2026-02-06T15:37,,,,,2026-02-07T11:35,2026-02-07T11:42,Boeing 777-300 ER,,,,,,,,81ac6be8-0210-4286-89b1-5439d799429d,ef3b3deb-e992-48e8-b4b6-ce96bb96be5c,9b0faf9d-6e26-44ce-88d6-f30a340ea2b7,065a1318-77b6-4f77-98ce-95b9253f64a5,,78eac566-1ad0-4ded-9979-9510dfde05f2
2026-02-07,AFR,1234,CDG,BER,2F,F35,1,A33,false,,2026-02-07T13:45,2026-02-07T15:26,,,,,2026-02-07T15:30,2026-02-07T16:57,Airbus A220-300,,,,,,,,129774b7-4064-44a4-8d4e-3ac6b8ad4f86,ef3b3deb-e992-48e8-b4b6-ce96bb96be5c,065a1318-77b6-4f77-98ce-95b9253f64a5,45b0a8c3-66fd-4443-ac63-4f4354686859,,c6158951-56ef-48ec-b8ae-5f7e9c0c24c0
2026-02-18,DLH,2207,BER,MUC,1,B3,2,G38,false,,2026-02-18T13:00,2026-02-18T13:20,,,,,2026-02-18T14:10,2026-02-18T14:21,Airbus A321,,,,,,,,59862b38-ba13-425a-a014-bccfe6ce7064,f5251aea-6a53-45b9-b762-9f6580de440e,45b0a8c3-66fd-4443-ac63-4f4354686859,fed9a584-f1e1-4a40-af94-ffbeda5c5f0e,,5904cdc2-eccf-41fe-8345-e82a51d3269c
2026-02-18,DLH,9440,MUC,FLR,2,G69,,,false,,2026-02-18T15:20,2026-02-18T15:25,,,,,2026-02-18T16:30,2026-02-18T16:31,Embraer 195,,,,,,,,82430ffa-052c-430e-a638-309be20c871b,f5251aea-6a53-45b9-b762-9f6580de440e,fed9a584-f1e1-4a40-af94-ffbeda5c5f0e,5cc3985c-15d4-4e7f-a0bd-69985d4651da,,0393e11b-8499-4378-a330-abf1fdecfc18
2026-02-21,SWR,1679,FLR,ZRH,,6,1,,false,,2026-02-21T09:35,2026-02-21T09:28,,,,,2026-02-21T10:55,2026-02-21T10:47,Airbus A220-100,,,,,,,,09abf125-a551-42e1-b331-fed49a25e703,95ece959-d516-44be-a77e-9e82037886eb,5cc3985c-15d4-4e7f-a0bd-69985d4651da,a0039222-c7e3-46d5-b5a6-26fca3d8864b,,08f3690a-67fe-4be4-8138-cc20b688f722
2026-02-21,SWR,966,ZRH,BER,1,A71,1,B17,false,,2026-02-21T12:40,2026-02-21T12:53,,,,,2026-02-21T14:05,2026-02-21T14:22,Airbus A320neo,,,,,,,,cf46cf64-b4f8-4a35-b175-192340901b42,95ece959-d516-44be-a77e-9e82037886eb,a0039222-c7e3-46d5-b5a6-26fca3d8864b,45b0a8c3-66fd-4443-ac63-4f4354686859,,fc3bd268-833c-40f4-a74c-9512dabcbe08
2026-03-08,KLM,1778,BER,AMS,1,,Main,,false,,2026-03-08T14:25,,,,,,2026-03-08T15:45,,Airbus A321neo,,,,,,,,8b313b2e-1f95-4bce-bcc9-915533e0805a,23930f39-7220-4a4b-a01e-3ab5508ca9f0,45b0a8c3-66fd-4443-ac63-4f4354686859,f671c076-61b7-4572-8abb-359aaadaafd4,,2e99cd6b-cec7-4ec7-a85e-dbc2b5e25a8f
2026-03-08,KLM,643,AMS,JFK,Main,,4,,false,,2026-03-08T17:05,,,,,,2026-03-08T20:20,,Boeing 787-10,,,,,,,,6f9fe23f-b213-4d31-8faf-2ea29543e8dc,23930f39-7220-4a4b-a01e-3ab5508ca9f0,f671c076-61b7-4572-8abb-359aaadaafd4,fc332185-4dde-4791-b449-0de5e83e47b9,,7ee6dd4c-86a8-412a-8fd3-9dc79c771bc9
2026-03-08,KLM,6239,JFK,BUF,4,,,,false,,2026-03-08T22:30,,,,,,2026-03-09T00:14,,"Bombardier CRJ900 ",,,,,,,,992dbc26-4366-414c-b012-002a98f5a01f,23930f39-7220-4a4b-a01e-3ab5508ca9f0,fc332185-4dde-4791-b449-0de5e83e47b9,b82e1bd6-c2e0-416e-ac07-9bceb09e5389,,8a4bd3f7-3aac-4e32-8a52-07e5525b36e3
2026-03-13,AFR,3072,BUF,JFK,,,4,,false,,2026-03-13T15:56,,,,,,2026-03-13T17:30,,"Bombardier CRJ900 ",,,,,,,,5226e6ea-9d12-423c-869b-0b10a060e48c,ef3b3deb-e992-48e8-b4b6-ce96bb96be5c,b82e1bd6-c2e0-416e-ac07-9bceb09e5389,fc332185-4dde-4791-b449-0de5e83e47b9,,8a4bd3f7-3aac-4e32-8a52-07e5525b36e3
2026-03-13,AFR,5,JFK,CDG,1,,2E,,false,,2026-03-13T19:30,,,,,,2026-03-14T07:55,,Boeing 777-300 ER,,,,,,,,f36cb3a5-b68c-4bff-8e5c-dfae6f979586,ef3b3deb-e992-48e8-b4b6-ce96bb96be5c,fc332185-4dde-4791-b449-0de5e83e47b9,065a1318-77b6-4f77-98ce-95b9253f64a5,,78eac566-1ad0-4ded-9979-9510dfde05f2
2026-03-14,AFR,1734,CDG,BER,2F,,1,,false,,2026-03-14T09:35,,,,,,2026-03-14T11:20,,Airbus A220-300,,,,,,,,a9215440-dc9a-4da8-a2f2-22efbb06682d,ef3b3deb-e992-48e8-b4b6-ce96bb96be5c,065a1318-77b6-4f77-98ce-95b9253f64a5,45b0a8c3-66fd-4443-ac63-4f4354686859,,c6158951-56ef-48ec-b8ae-5f7e9c0c24c0
2026-04-29,TAP,533,BER,LIS,1,,1,,false,,2026-04-29T17:20,,,,,,2026-04-29T20:05,,Airbus A321neo,,,,,,,,9f8b8011-4e78-4d64-b432-c9cfc7041ef4,9c42a4f8-f9ce-47ad-b1e7-4e47b334f4d0,45b0a8c3-66fd-4443-ac63-4f4354686859,f16c846f-6351-43af-8ae8-28df302e7c24,,2e99cd6b-cec7-4ec7-a85e-dbc2b5e25a8f
2026-05-05,TAP,530,LIS,BER,1,,1,,false,,2026-05-05T07:00,,,,,,2026-05-05T11:30,,Airbus A320neo,,,,,,,,f7c22207-b848-4ac2-9158-9f005780ccce,9c42a4f8-f9ce-47ad-b1e7-4e47b334f4d0,f16c846f-6351-43af-8ae8-28df302e7c24,45b0a8c3-66fd-4443-ac63-4f4354686859,,fc3bd268-833c-40f4-a74c-9512dabcbe08
2026-05-28,AEE,823,BER,ATH,1,,,,false,,2026-05-28T20:40,,,,,,2026-05-29T00:25,,Airbus A321neo,,,,,,,,24788261-f72d-40ea-b5ae-7f2b14f213c2,db42bdaa-aa16-41f2-8813-078287e6232d,45b0a8c3-66fd-4443-ac63-4f4354686859,cf45cd09-2351-45e6-bee2-e05eb99b1673,,2e99cd6b-cec7-4ec7-a85e-dbc2b5e25a8f
2026-06-04,SEH,874,ATH,BER,,,,,false,,2026-06-04T11:45,,,,,,2026-06-04T13:40,,Airbus A320neo,,,,,,,,5c89cd96-ee29-45b6-99f9-06e2dad2ccfb,e9a4bbd7-d0e3-4564-905e-1efb716fa7ce,cf45cd09-2351-45e6-bee2-e05eb99b1673,45b0a8c3-66fd-4443-ac63-4f4354686859,,fc3bd268-833c-40f4-a74c-9512dabcbe08
2026-06-10,EZY,5081,BER,FCO,1,,1,,false,,2026-06-10T17:25,,,,,,2026-06-10T19:35,,Airbus A320,,,,,,,,0750c4bb-8551-4fab-8dd5-5eacd9dac511,c39d5ea4-a02f-45f5-bbbb-d3ef73b04aff,45b0a8c3-66fd-4443-ac63-4f4354686859,c1ae74d8-8361-4e5e-95e3-86a49e98df2a,,63155468-7f9d-4f33-8e5d-c0bf2edd2987
2026-06-14,RYR,41,FCO,BER,1,,2,,false,,2026-06-14T10:25,,,,,,2026-06-14T12:35,,Boeing 737-800,,,,,,,,7380b97a-9677-4b0f-a2f0-c37ebbd0445b,89ad0292-b411-46f2-a3ad-27896d1be60b,c1ae74d8-8361-4e5e-95e3-86a49e98df2a,45b0a8c3-66fd-4443-ac63-4f4354686859,,bfed5d53-9645-4ae2-aa8b-808123bd938b
2026-07-03,TAP,531,BER,LIS,1,,1,,false,,2026-07-03T13:15,,,,,,2026-07-03T16:00,,Airbus A321neo,,,,,,,,1b5951ab-2cb4-496c-9a38-067b4cca063b,9c42a4f8-f9ce-47ad-b1e7-4e47b334f4d0,45b0a8c3-66fd-4443-ac63-4f4354686859,f16c846f-6351-43af-8ae8-28df302e7c24,,2e99cd6b-cec7-4ec7-a85e-dbc2b5e25a8f
2026-07-08,TAP,534,LIS,BER,1,,1,,false,,2026-07-08T17:50,,,,,,2026-07-08T22:20,,Airbus A321neo,,,,,,,,7c5c1012-f173-4159-a3e2-92dd49381fb9,9c42a4f8-f9ce-47ad-b1e7-4e47b334f4d0,f16c846f-6351-43af-8ae8-28df302e7c24,45b0a8c3-66fd-4443-ac63-4f4354686859,,2e99cd6b-cec7-4ec7-a85e-dbc2b5e25a8f
